<?xml version="1.0" encoding="UTF-8"?>
<GenRun Id="impl_1" LaunchPart="xc7a75tfgg484-1" LaunchTime="1588789151">
  <File Type="BITSTR-BMM" Name="jkff_bd.bmm"/>
  <File Type="OPT-METHODOLOGY-DRC" Name="jkff_methodology_drc_opted.rpt"/>
  <File Type="INIT-TIMING" Name="jkff_timing_summary_init.rpt"/>
  <File Type="ROUTE-PWR" Name="jkff_power_routed.rpt"/>
  <File Type="PA-TCL" Name="jkff.tcl"/>
  <File Type="OPT-TIMING" Name="jkff_timing_summary_opted.rpt"/>
  <File Type="OPT-DCP" Name="jkff_opt.dcp"/>
  <File Type="ROUTE-PWR-SUM" Name="jkff_power_summary_routed.pb"/>
  <File Type="REPORTS-TCL" Name="jkff_reports.tcl"/>
  <File Type="OPT-DRC" Name="jkff_drc_opted.rpt"/>
  <File Type="OPT-HWDEF" Name="jkff.hwdef"/>
  <File Type="PWROPT-DCP" Name="jkff_pwropt.dcp"/>
  <File Type="PWROPT-DRC" Name="jkff_drc_pwropted.rpt"/>
  <File Type="PWROPT-TIMING" Name="jkff_timing_summary_pwropted.rpt"/>
  <File Type="PLACE-DCP" Name="jkff_placed.dcp"/>
  <File Type="PLACE-IO" Name="jkff_io_placed.rpt"/>
  <File Type="PLACE-CLK" Name="jkff_clock_utilization_placed.rpt"/>
  <File Type="PLACE-UTIL" Name="jkff_utilization_placed.rpt"/>
  <File Type="PLACE-UTIL-PB" Name="jkff_utilization_placed.pb"/>
  <File Type="PLACE-CTRL" Name="jkff_control_sets_placed.rpt"/>
  <File Type="PLACE-SIMILARITY" Name="jkff_incremental_reuse_placed.rpt"/>
  <File Type="PLACE-PRE-SIMILARITY" Name="jkff_incremental_reuse_pre_placed.rpt"/>
  <File Type="PLACE-TIMING" Name="jkff_timing_summary_placed.rpt"/>
  <File Type="POSTPLACE-PWROPT-DCP" Name="jkff_postplace_pwropt.dcp"/>
  <File Type="BG-BIN" Name="jkff.bin"/>
  <File Type="POSTPLACE-PWROPT-TIMING" Name="jkff_timing_summary_postplace_pwropted.rpt"/>
  <File Type="PHYSOPT-DCP" Name="jkff_physopt.dcp"/>
  <File Type="PHYSOPT-DRC" Name="jkff_drc_physopted.rpt"/>
  <File Type="BITSTR-MSK" Name="jkff.msk"/>
  <File Type="PHYSOPT-TIMING" Name="jkff_timing_summary_physopted.rpt"/>
  <File Type="ROUTE-ERROR-DCP" Name="jkff_routed_error.dcp"/>
  <File Type="ROUTE-DCP" Name="jkff_routed.dcp"/>
  <File Type="ROUTE-BLACKBOX-DCP" Name="jkff_routed_bb.dcp"/>
  <File Type="ROUTE-DRC" Name="jkff_drc_routed.rpt"/>
  <File Type="ROUTE-DRC-PB" Name="jkff_drc_routed.pb"/>
  <File Type="ROUTE-DRC-RPX" Name="jkff_drc_routed.rpx"/>
  <File Type="BITSTR-MMI" Name="jkff.mmi"/>
  <File Type="ROUTE-METHODOLOGY-DRC" Name="jkff_methodology_drc_routed.rpt"/>
  <File Type="ROUTE-METHODOLOGY-DRC-RPX" Name="jkff_methodology_drc_routed.rpx"/>
  <File Type="ROUTE-METHODOLOGY-DRC-PB" Name="jkff_methodology_drc_routed.pb"/>
  <File Type="ROUTE-PWR-RPX" Name="jkff_power_routed.rpx"/>
  <File Type="ROUTE-STATUS" Name="jkff_route_status.rpt"/>
  <File Type="ROUTE-STATUS-PB" Name="jkff_route_status.pb"/>
  <File Type="ROUTE-TIMINGSUMMARY" Name="jkff_timing_summary_routed.rpt"/>
  <File Type="ROUTE-TIMING-PB" Name="jkff_timing_summary_routed.pb"/>
  <File Type="ROUTE-TIMING-RPX" Name="jkff_timing_summary_routed.rpx"/>
  <File Type="ROUTE-SIMILARITY" Name="jkff_incremental_reuse_routed.rpt"/>
  <File Type="ROUTE-CLK" Name="jkff_clock_utilization_routed.rpt"/>
  <File Type="ROUTE-BUS-SKEW" Name="jkff_bus_skew_routed.rpt"/>
  <File Type="ROUTE-BUS-SKEW-PB" Name="jkff_bus_skew_routed.pb"/>
  <File Type="ROUTE-BUS-SKEW-RPX" Name="jkff_bus_skew_routed.rpx"/>
  <File Type="POSTROUTE-PHYSOPT-DCP" Name="jkff_postroute_physopt.dcp"/>
  <File Type="POSTROUTE-PHYSOPT-BLACKBOX-DCP" Name="jkff_postroute_physopt_bb.dcp"/>
  <File Type="POSTROUTE-PHYSOPT-TIMING" Name="jkff_timing_summary_postroute_physopted.rpt"/>
  <File Type="POSTROUTE-PHYSOPT-TIMING-PB" Name="jkff_timing_summary_postroute_physopted.pb"/>
  <File Type="POSTROUTE-PHYSOPT-TIMING-RPX" Name="jkff_timing_summary_postroute_physopted.rpx"/>
  <File Type="POSTROUTE-PHYSOPT-BUS-SKEW" Name="jkff_bus_skew_postroute_physopted.rpt"/>
  <File Type="POSTROUTE-PHYSOPT-BUS-SKEW-PB" Name="jkff_bus_skew_postroute_physopted.pb"/>
  <File Type="BG-BIT" Name="jkff.bit"/>
  <File Type="POSTROUTE-PHYSOPT-BUS-SKEW-RPX" Name="jkff_bus_skew_postroute_physopted.rpx"/>
  <File Type="BITSTR-RBT" Name="jkff.rbt"/>
  <File Type="BITSTR-NKY" Name="jkff.nky"/>
  <File Type="PDI-FILE" Name="jkff.pdi"/>
  <File Type="RCFI_FILE" Name="jkff.rcfi"/>
  <File Type="CFI_FILE" Name="jkff.cfi"/>
  <File Type="RNPI_FILE" Name="jkff.rnpi"/>
  <File Type="NPI_FILE" Name="jkff.npi"/>
  <File Type="RBD_FILE" Name="jkff.rbd"/>
  <File Type="BITSTR-LTX" Name="debug_nets.ltx"/>
  <File Type="BITSTR-LTX" Name="jkff.ltx"/>
  <File Type="BITSTR-SYSDEF" Name="jkff.sysdef"/>
  <File Type="BG-BGN" Name="jkff.bgn"/>
  <File Type="BG-DRC" Name="jkff.drc"/>
  <File Type="RDI-RDI" Name="jkff.vdi"/>
  <File Type="WBT-USG" Name="usage_statistics_webtalk.html"/>
  <FileSet Name="sources" Type="DesignSrcs" RelSrcDir="$PSRCDIR/sources_1">
    <Filter Type="Srcs"/>
    <File Path="$PSRCDIR/sources_1/new/jkff.vhd">
      <FileInfo>
        <Attr Name="UsedIn" Val="synthesis"/>
        <Attr Name="UsedIn" Val="simulation"/>
      </FileInfo>
    </File>
    <Config>
      <Option Name="DesignMode" Val="RTL"/>
      <Option Name="TopModule" Val="jkff"/>
      <Option Name="TopAutoSet" Val="TRUE"/>
    </Config>
  </FileSet>
  <FileSet Name="constrs_in" Type="Constrs" RelSrcDir="$PSRCDIR/constrs_1">
    <Filter Type="Constrs"/>
    <File Path="$PSRCDIR/constrs_1/new/jkff.xdc">
      <FileInfo>
        <Attr Name="UsedIn" Val="synthesis"/>
        <Attr Name="UsedIn" Val="implementation"/>
      </FileInfo>
    </File>
    <Config>
      <Option Name="ConstrsType" Val="XDC"/>
    </Config>
  </FileSet>
  <FileSet Name="utils" Type="Utils" RelSrcDir="$PSRCDIR/utils_1">
    <Filter Type="Utils"/>
    <Config>
      <Option Name="TopAutoSet" Val="TRUE"/>
    </Config>
  </FileSet>
  <Strategy Version="1" Minor="2">
    <StratHandle Name="Vivado Implementation Defaults" Flow="Vivado Implementation 2019">
      <Desc>Default settings for Implementation.</Desc>
    </StratHandle>
    <Step Id="init_design"/>
    <Step Id="opt_design"/>
    <Step Id="power_opt_design"/>
    <Step Id="place_design"/>
    <Step Id="post_place_power_opt_design"/>
    <Step Id="phys_opt_design" EnableStepBool="1"/>
    <Step Id="route_design"/>
    <Step Id="post_route_phys_opt_design"/>
    <Step Id="write_bitstream"/>
  </Strategy>
</GenRun>
