<?xml version="1.0" encoding="UTF-8"?>
<GenRun Id="impl_1" LaunchPart="xc7a75tfgg484-1" LaunchTime="1588790598">
  <File Type="BITSTR-BMM" Name="tff_bd.bmm"/>
  <File Type="OPT-METHODOLOGY-DRC" Name="tff_methodology_drc_opted.rpt"/>
  <File Type="INIT-TIMING" Name="tff_timing_summary_init.rpt"/>
  <File Type="ROUTE-PWR" Name="tff_power_routed.rpt"/>
  <File Type="PA-TCL" Name="tff.tcl"/>
  <File Type="OPT-TIMING" Name="tff_timing_summary_opted.rpt"/>
  <File Type="OPT-DCP" Name="tff_opt.dcp"/>
  <File Type="ROUTE-PWR-SUM" Name="tff_power_summary_routed.pb"/>
  <File Type="REPORTS-TCL" Name="tff_reports.tcl"/>
  <File Type="OPT-DRC" Name="tff_drc_opted.rpt"/>
  <File Type="OPT-HWDEF" Name="tff.hwdef"/>
  <File Type="PWROPT-DCP" Name="tff_pwropt.dcp"/>
  <File Type="PWROPT-DRC" Name="tff_drc_pwropted.rpt"/>
  <File Type="PWROPT-TIMING" Name="tff_timing_summary_pwropted.rpt"/>
  <File Type="PLACE-DCP" Name="tff_placed.dcp"/>
  <File Type="PLACE-IO" Name="tff_io_placed.rpt"/>
  <File Type="PLACE-CLK" Name="tff_clock_utilization_placed.rpt"/>
  <File Type="PLACE-UTIL" Name="tff_utilization_placed.rpt"/>
  <File Type="PLACE-UTIL-PB" Name="tff_utilization_placed.pb"/>
  <File Type="PLACE-CTRL" Name="tff_control_sets_placed.rpt"/>
  <File Type="PLACE-SIMILARITY" Name="tff_incremental_reuse_placed.rpt"/>
  <File Type="PLACE-PRE-SIMILARITY" Name="tff_incremental_reuse_pre_placed.rpt"/>
  <File Type="PLACE-TIMING" Name="tff_timing_summary_placed.rpt"/>
  <File Type="POSTPLACE-PWROPT-DCP" Name="tff_postplace_pwropt.dcp"/>
  <File Type="BG-BIN" Name="tff.bin"/>
  <File Type="POSTPLACE-PWROPT-TIMING" Name="tff_timing_summary_postplace_pwropted.rpt"/>
  <File Type="PHYSOPT-DCP" Name="tff_physopt.dcp"/>
  <File Type="PHYSOPT-DRC" Name="tff_drc_physopted.rpt"/>
  <File Type="BITSTR-MSK" Name="tff.msk"/>
  <File Type="PHYSOPT-TIMING" Name="tff_timing_summary_physopted.rpt"/>
  <File Type="ROUTE-ERROR-DCP" Name="tff_routed_error.dcp"/>
  <File Type="ROUTE-DCP" Name="tff_routed.dcp"/>
  <File Type="ROUTE-BLACKBOX-DCP" Name="tff_routed_bb.dcp"/>
  <File Type="ROUTE-DRC" Name="tff_drc_routed.rpt"/>
  <File Type="ROUTE-DRC-PB" Name="tff_drc_routed.pb"/>
  <File Type="ROUTE-DRC-RPX" Name="tff_drc_routed.rpx"/>
  <File Type="BITSTR-MMI" Name="tff.mmi"/>
  <File Type="ROUTE-METHODOLOGY-DRC" Name="tff_methodology_drc_routed.rpt"/>
  <File Type="ROUTE-METHODOLOGY-DRC-RPX" Name="tff_methodology_drc_routed.rpx"/>
  <File Type="ROUTE-METHODOLOGY-DRC-PB" Name="tff_methodology_drc_routed.pb"/>
  <File Type="ROUTE-PWR-RPX" Name="tff_power_routed.rpx"/>
  <File Type="ROUTE-STATUS" Name="tff_route_status.rpt"/>
  <File Type="ROUTE-STATUS-PB" Name="tff_route_status.pb"/>
  <File Type="ROUTE-TIMINGSUMMARY" Name="tff_timing_summary_routed.rpt"/>
  <File Type="ROUTE-TIMING-PB" Name="tff_timing_summary_routed.pb"/>
  <File Type="ROUTE-TIMING-RPX" Name="tff_timing_summary_routed.rpx"/>
  <File Type="ROUTE-SIMILARITY" Name="tff_incremental_reuse_routed.rpt"/>
  <File Type="ROUTE-CLK" Name="tff_clock_utilization_routed.rpt"/>
  <File Type="ROUTE-BUS-SKEW" Name="tff_bus_skew_routed.rpt"/>
  <File Type="ROUTE-BUS-SKEW-PB" Name="tff_bus_skew_routed.pb"/>
  <File Type="ROUTE-BUS-SKEW-RPX" Name="tff_bus_skew_routed.rpx"/>
  <File Type="POSTROUTE-PHYSOPT-DCP" Name="tff_postroute_physopt.dcp"/>
  <File Type="POSTROUTE-PHYSOPT-BLACKBOX-DCP" Name="tff_postroute_physopt_bb.dcp"/>
  <File Type="POSTROUTE-PHYSOPT-TIMING" Name="tff_timing_summary_postroute_physopted.rpt"/>
  <File Type="POSTROUTE-PHYSOPT-TIMING-PB" Name="tff_timing_summary_postroute_physopted.pb"/>
  <File Type="POSTROUTE-PHYSOPT-TIMING-RPX" Name="tff_timing_summary_postroute_physopted.rpx"/>
  <File Type="POSTROUTE-PHYSOPT-BUS-SKEW" Name="tff_bus_skew_postroute_physopted.rpt"/>
  <File Type="POSTROUTE-PHYSOPT-BUS-SKEW-PB" Name="tff_bus_skew_postroute_physopted.pb"/>
  <File Type="BG-BIT" Name="tff.bit"/>
  <File Type="POSTROUTE-PHYSOPT-BUS-SKEW-RPX" Name="tff_bus_skew_postroute_physopted.rpx"/>
  <File Type="BITSTR-RBT" Name="tff.rbt"/>
  <File Type="BITSTR-NKY" Name="tff.nky"/>
  <File Type="PDI-FILE" Name="tff.pdi"/>
  <File Type="RCFI_FILE" Name="tff.rcfi"/>
  <File Type="CFI_FILE" Name="tff.cfi"/>
  <File Type="RNPI_FILE" Name="tff.rnpi"/>
  <File Type="NPI_FILE" Name="tff.npi"/>
  <File Type="RBD_FILE" Name="tff.rbd"/>
  <File Type="BITSTR-LTX" Name="debug_nets.ltx"/>
  <File Type="BITSTR-LTX" Name="tff.ltx"/>
  <File Type="BITSTR-SYSDEF" Name="tff.sysdef"/>
  <File Type="BG-BGN" Name="tff.bgn"/>
  <File Type="BG-DRC" Name="tff.drc"/>
  <File Type="RDI-RDI" Name="tff.vdi"/>
  <File Type="WBT-USG" Name="usage_statistics_webtalk.html"/>
  <FileSet Name="sources" Type="DesignSrcs" RelSrcDir="$PSRCDIR/sources_1">
    <Filter Type="Srcs"/>
    <File Path="$PSRCDIR/sources_1/new/tff.vhd">
      <FileInfo>
        <Attr Name="UsedIn" Val="synthesis"/>
        <Attr Name="UsedIn" Val="simulation"/>
      </FileInfo>
    </File>
    <Config>
      <Option Name="DesignMode" Val="RTL"/>
      <Option Name="TopModule" Val="tff"/>
      <Option Name="TopAutoSet" Val="TRUE"/>
    </Config>
  </FileSet>
  <FileSet Name="constrs_in" Type="Constrs" RelSrcDir="$PSRCDIR/constrs_1">
    <Filter Type="Constrs"/>
    <File Path="$PSRCDIR/constrs_1/new/tff.xdc">
      <FileInfo>
        <Attr Name="UsedIn" Val="synthesis"/>
        <Attr Name="UsedIn" Val="implementation"/>
      </FileInfo>
    </File>
    <Config>
      <Option Name="ConstrsType" Val="XDC"/>
    </Config>
  </FileSet>
  <FileSet Name="utils" Type="Utils" RelSrcDir="$PSRCDIR/utils_1">
    <Filter Type="Utils"/>
    <Config>
      <Option Name="TopAutoSet" Val="TRUE"/>
    </Config>
  </FileSet>
  <Strategy Version="1" Minor="2">
    <StratHandle Name="Vivado Implementation Defaults" Flow="Vivado Implementation 2019">
      <Desc>Default settings for Implementation.</Desc>
    </StratHandle>
    <Step Id="init_design"/>
    <Step Id="opt_design"/>
    <Step Id="power_opt_design"/>
    <Step Id="place_design"/>
    <Step Id="post_place_power_opt_design"/>
    <Step Id="phys_opt_design" EnableStepBool="1"/>
    <Step Id="route_design"/>
    <Step Id="post_route_phys_opt_design"/>
    <Step Id="write_bitstream"/>
  </Strategy>
</GenRun>
