<?xml version="1.0" encoding="UTF-8"?>
<GenRun Id="impl_1" LaunchPart="xc7a75tfgg484-1" LaunchTime="1590836569">
  <File Type="BITSTR-BMM" Name="seg7_bd.bmm"/>
  <File Type="OPT-METHODOLOGY-DRC" Name="seg7_methodology_drc_opted.rpt"/>
  <File Type="INIT-TIMING" Name="seg7_timing_summary_init.rpt"/>
  <File Type="ROUTE-PWR" Name="seg7_power_routed.rpt"/>
  <File Type="PA-TCL" Name="seg7.tcl"/>
  <File Type="OPT-TIMING" Name="seg7_timing_summary_opted.rpt"/>
  <File Type="OPT-DCP" Name="seg7_opt.dcp"/>
  <File Type="ROUTE-PWR-SUM" Name="seg7_power_summary_routed.pb"/>
  <File Type="REPORTS-TCL" Name="seg7_reports.tcl"/>
  <File Type="OPT-DRC" Name="seg7_drc_opted.rpt"/>
  <File Type="OPT-HWDEF" Name="seg7.hwdef"/>
  <File Type="PWROPT-DCP" Name="seg7_pwropt.dcp"/>
  <File Type="PWROPT-DRC" Name="seg7_drc_pwropted.rpt"/>
  <File Type="PWROPT-TIMING" Name="seg7_timing_summary_pwropted.rpt"/>
  <File Type="PLACE-DCP" Name="seg7_placed.dcp"/>
  <File Type="PLACE-IO" Name="seg7_io_placed.rpt"/>
  <File Type="PLACE-CLK" Name="seg7_clock_utilization_placed.rpt"/>
  <File Type="PLACE-UTIL" Name="seg7_utilization_placed.rpt"/>
  <File Type="PLACE-UTIL-PB" Name="seg7_utilization_placed.pb"/>
  <File Type="PLACE-CTRL" Name="seg7_control_sets_placed.rpt"/>
  <File Type="PLACE-SIMILARITY" Name="seg7_incremental_reuse_placed.rpt"/>
  <File Type="PLACE-PRE-SIMILARITY" Name="seg7_incremental_reuse_pre_placed.rpt"/>
  <File Type="PLACE-TIMING" Name="seg7_timing_summary_placed.rpt"/>
  <File Type="POSTPLACE-PWROPT-DCP" Name="seg7_postplace_pwropt.dcp"/>
  <File Type="BG-BIN" Name="seg7.bin"/>
  <File Type="POSTPLACE-PWROPT-TIMING" Name="seg7_timing_summary_postplace_pwropted.rpt"/>
  <File Type="PHYSOPT-DCP" Name="seg7_physopt.dcp"/>
  <File Type="PHYSOPT-DRC" Name="seg7_drc_physopted.rpt"/>
  <File Type="BITSTR-MSK" Name="seg7.msk"/>
  <File Type="PHYSOPT-TIMING" Name="seg7_timing_summary_physopted.rpt"/>
  <File Type="ROUTE-ERROR-DCP" Name="seg7_routed_error.dcp"/>
  <File Type="ROUTE-DCP" Name="seg7_routed.dcp"/>
  <File Type="ROUTE-BLACKBOX-DCP" Name="seg7_routed_bb.dcp"/>
  <File Type="ROUTE-DRC" Name="seg7_drc_routed.rpt"/>
  <File Type="ROUTE-DRC-PB" Name="seg7_drc_routed.pb"/>
  <File Type="ROUTE-DRC-RPX" Name="seg7_drc_routed.rpx"/>
  <File Type="BITSTR-MMI" Name="seg7.mmi"/>
  <File Type="ROUTE-METHODOLOGY-DRC" Name="seg7_methodology_drc_routed.rpt"/>
  <File Type="ROUTE-METHODOLOGY-DRC-RPX" Name="seg7_methodology_drc_routed.rpx"/>
  <File Type="ROUTE-METHODOLOGY-DRC-PB" Name="seg7_methodology_drc_routed.pb"/>
  <File Type="ROUTE-PWR-RPX" Name="seg7_power_routed.rpx"/>
  <File Type="ROUTE-STATUS" Name="seg7_route_status.rpt"/>
  <File Type="ROUTE-STATUS-PB" Name="seg7_route_status.pb"/>
  <File Type="ROUTE-TIMINGSUMMARY" Name="seg7_timing_summary_routed.rpt"/>
  <File Type="ROUTE-TIMING-PB" Name="seg7_timing_summary_routed.pb"/>
  <File Type="ROUTE-TIMING-RPX" Name="seg7_timing_summary_routed.rpx"/>
  <File Type="ROUTE-SIMILARITY" Name="seg7_incremental_reuse_routed.rpt"/>
  <File Type="ROUTE-CLK" Name="seg7_clock_utilization_routed.rpt"/>
  <File Type="ROUTE-BUS-SKEW" Name="seg7_bus_skew_routed.rpt"/>
  <File Type="ROUTE-BUS-SKEW-PB" Name="seg7_bus_skew_routed.pb"/>
  <File Type="ROUTE-BUS-SKEW-RPX" Name="seg7_bus_skew_routed.rpx"/>
  <File Type="POSTROUTE-PHYSOPT-DCP" Name="seg7_postroute_physopt.dcp"/>
  <File Type="POSTROUTE-PHYSOPT-BLACKBOX-DCP" Name="seg7_postroute_physopt_bb.dcp"/>
  <File Type="POSTROUTE-PHYSOPT-TIMING" Name="seg7_timing_summary_postroute_physopted.rpt"/>
  <File Type="POSTROUTE-PHYSOPT-TIMING-PB" Name="seg7_timing_summary_postroute_physopted.pb"/>
  <File Type="POSTROUTE-PHYSOPT-TIMING-RPX" Name="seg7_timing_summary_postroute_physopted.rpx"/>
  <File Type="POSTROUTE-PHYSOPT-BUS-SKEW" Name="seg7_bus_skew_postroute_physopted.rpt"/>
  <File Type="POSTROUTE-PHYSOPT-BUS-SKEW-PB" Name="seg7_bus_skew_postroute_physopted.pb"/>
  <File Type="BG-BIT" Name="seg7.bit"/>
  <File Type="POSTROUTE-PHYSOPT-BUS-SKEW-RPX" Name="seg7_bus_skew_postroute_physopted.rpx"/>
  <File Type="BITSTR-RBT" Name="seg7.rbt"/>
  <File Type="BITSTR-NKY" Name="seg7.nky"/>
  <File Type="PDI-FILE" Name="seg7.pdi"/>
  <File Type="RCFI_FILE" Name="seg7.rcfi"/>
  <File Type="CFI_FILE" Name="seg7.cfi"/>
  <File Type="RNPI_FILE" Name="seg7.rnpi"/>
  <File Type="NPI_FILE" Name="seg7.npi"/>
  <File Type="RBD_FILE" Name="seg7.rbd"/>
  <File Type="BITSTR-LTX" Name="debug_nets.ltx"/>
  <File Type="BITSTR-LTX" Name="seg7.ltx"/>
  <File Type="BITSTR-SYSDEF" Name="seg7.sysdef"/>
  <File Type="BG-BGN" Name="seg7.bgn"/>
  <File Type="BG-DRC" Name="seg7.drc"/>
  <File Type="RDI-RDI" Name="seg7.vdi"/>
  <File Type="WBT-USG" Name="usage_statistics_webtalk.html"/>
  <FileSet Name="sources" Type="DesignSrcs" RelSrcDir="$PSRCDIR/sources_1">
    <Filter Type="Srcs"/>
    <File Path="$PSRCDIR/sources_1/new/seg7.vhd">
      <FileInfo>
        <Attr Name="UsedIn" Val="synthesis"/>
        <Attr Name="UsedIn" Val="simulation"/>
      </FileInfo>
    </File>
    <Config>
      <Option Name="DesignMode" Val="RTL"/>
      <Option Name="TopModule" Val="seg7"/>
      <Option Name="TopAutoSet" Val="TRUE"/>
    </Config>
  </FileSet>
  <FileSet Name="constrs_in" Type="Constrs" RelSrcDir="$PSRCDIR/constrs_1">
    <Filter Type="Constrs"/>
    <File Path="$PSRCDIR/constrs_1/new/seg7.xdc">
      <FileInfo>
        <Attr Name="UsedIn" Val="synthesis"/>
        <Attr Name="UsedIn" Val="implementation"/>
      </FileInfo>
    </File>
    <Config>
      <Option Name="ConstrsType" Val="XDC"/>
    </Config>
  </FileSet>
  <FileSet Name="utils" Type="Utils" RelSrcDir="$PSRCDIR/utils_1">
    <Filter Type="Utils"/>
    <Config>
      <Option Name="TopAutoSet" Val="TRUE"/>
    </Config>
  </FileSet>
  <Strategy Version="1" Minor="2">
    <StratHandle Name="Vivado Implementation Defaults" Flow="Vivado Implementation 2019">
      <Desc>Default settings for Implementation.</Desc>
    </StratHandle>
    <Step Id="init_design"/>
    <Step Id="opt_design"/>
    <Step Id="power_opt_design"/>
    <Step Id="place_design"/>
    <Step Id="post_place_power_opt_design"/>
    <Step Id="phys_opt_design" EnableStepBool="1"/>
    <Step Id="route_design"/>
    <Step Id="post_route_phys_opt_design"/>
    <Step Id="write_bitstream"/>
  </Strategy>
</GenRun>
