<?xml version="1.0" encoding="UTF-8"?>
<GenRun Id="impl_1" LaunchPart="xc7a75tfgg484-1" LaunchTime="1591299924">
  <File Type="BITSTR-BMM" Name="LCD_TOP_bd.bmm"/>
  <File Type="OPT-METHODOLOGY-DRC" Name="LCD_TOP_methodology_drc_opted.rpt"/>
  <File Type="INIT-TIMING" Name="LCD_TOP_timing_summary_init.rpt"/>
  <File Type="ROUTE-PWR" Name="LCD_TOP_power_routed.rpt"/>
  <File Type="PA-TCL" Name="LCD_TOP.tcl"/>
  <File Type="OPT-TIMING" Name="LCD_TOP_timing_summary_opted.rpt"/>
  <File Type="OPT-DCP" Name="LCD_TOP_opt.dcp"/>
  <File Type="ROUTE-PWR-SUM" Name="LCD_TOP_power_summary_routed.pb"/>
  <File Type="REPORTS-TCL" Name="LCD_TOP_reports.tcl"/>
  <File Type="OPT-DRC" Name="LCD_TOP_drc_opted.rpt"/>
  <File Type="OPT-HWDEF" Name="LCD_TOP.hwdef"/>
  <File Type="PWROPT-DCP" Name="LCD_TOP_pwropt.dcp"/>
  <File Type="PWROPT-DRC" Name="LCD_TOP_drc_pwropted.rpt"/>
  <File Type="PWROPT-TIMING" Name="LCD_TOP_timing_summary_pwropted.rpt"/>
  <File Type="PLACE-DCP" Name="LCD_TOP_placed.dcp"/>
  <File Type="PLACE-IO" Name="LCD_TOP_io_placed.rpt"/>
  <File Type="PLACE-CLK" Name="LCD_TOP_clock_utilization_placed.rpt"/>
  <File Type="PLACE-UTIL" Name="LCD_TOP_utilization_placed.rpt"/>
  <File Type="PLACE-UTIL-PB" Name="LCD_TOP_utilization_placed.pb"/>
  <File Type="PLACE-CTRL" Name="LCD_TOP_control_sets_placed.rpt"/>
  <File Type="PLACE-SIMILARITY" Name="LCD_TOP_incremental_reuse_placed.rpt"/>
  <File Type="PLACE-PRE-SIMILARITY" Name="LCD_TOP_incremental_reuse_pre_placed.rpt"/>
  <File Type="PLACE-TIMING" Name="LCD_TOP_timing_summary_placed.rpt"/>
  <File Type="POSTPLACE-PWROPT-DCP" Name="LCD_TOP_postplace_pwropt.dcp"/>
  <File Type="BG-BIN" Name="LCD_TOP.bin"/>
  <File Type="POSTPLACE-PWROPT-TIMING" Name="LCD_TOP_timing_summary_postplace_pwropted.rpt"/>
  <File Type="PHYSOPT-DCP" Name="LCD_TOP_physopt.dcp"/>
  <File Type="PHYSOPT-DRC" Name="LCD_TOP_drc_physopted.rpt"/>
  <File Type="BITSTR-MSK" Name="LCD_TOP.msk"/>
  <File Type="PHYSOPT-TIMING" Name="LCD_TOP_timing_summary_physopted.rpt"/>
  <File Type="ROUTE-ERROR-DCP" Name="LCD_TOP_routed_error.dcp"/>
  <File Type="ROUTE-DCP" Name="LCD_TOP_routed.dcp"/>
  <File Type="ROUTE-BLACKBOX-DCP" Name="LCD_TOP_routed_bb.dcp"/>
  <File Type="ROUTE-DRC" Name="LCD_TOP_drc_routed.rpt"/>
  <File Type="ROUTE-DRC-PB" Name="LCD_TOP_drc_routed.pb"/>
  <File Type="ROUTE-DRC-RPX" Name="LCD_TOP_drc_routed.rpx"/>
  <File Type="BITSTR-MMI" Name="LCD_TOP.mmi"/>
  <File Type="ROUTE-METHODOLOGY-DRC" Name="LCD_TOP_methodology_drc_routed.rpt"/>
  <File Type="ROUTE-METHODOLOGY-DRC-RPX" Name="LCD_TOP_methodology_drc_routed.rpx"/>
  <File Type="ROUTE-METHODOLOGY-DRC-PB" Name="LCD_TOP_methodology_drc_routed.pb"/>
  <File Type="ROUTE-PWR-RPX" Name="LCD_TOP_power_routed.rpx"/>
  <File Type="ROUTE-STATUS" Name="LCD_TOP_route_status.rpt"/>
  <File Type="ROUTE-STATUS-PB" Name="LCD_TOP_route_status.pb"/>
  <File Type="ROUTE-TIMINGSUMMARY" Name="LCD_TOP_timing_summary_routed.rpt"/>
  <File Type="ROUTE-TIMING-PB" Name="LCD_TOP_timing_summary_routed.pb"/>
  <File Type="ROUTE-TIMING-RPX" Name="LCD_TOP_timing_summary_routed.rpx"/>
  <File Type="ROUTE-SIMILARITY" Name="LCD_TOP_incremental_reuse_routed.rpt"/>
  <File Type="ROUTE-CLK" Name="LCD_TOP_clock_utilization_routed.rpt"/>
  <File Type="ROUTE-BUS-SKEW" Name="LCD_TOP_bus_skew_routed.rpt"/>
  <File Type="ROUTE-BUS-SKEW-PB" Name="LCD_TOP_bus_skew_routed.pb"/>
  <File Type="ROUTE-BUS-SKEW-RPX" Name="LCD_TOP_bus_skew_routed.rpx"/>
  <File Type="POSTROUTE-PHYSOPT-DCP" Name="LCD_TOP_postroute_physopt.dcp"/>
  <File Type="POSTROUTE-PHYSOPT-BLACKBOX-DCP" Name="LCD_TOP_postroute_physopt_bb.dcp"/>
  <File Type="POSTROUTE-PHYSOPT-TIMING" Name="LCD_TOP_timing_summary_postroute_physopted.rpt"/>
  <File Type="POSTROUTE-PHYSOPT-TIMING-PB" Name="LCD_TOP_timing_summary_postroute_physopted.pb"/>
  <File Type="POSTROUTE-PHYSOPT-TIMING-RPX" Name="LCD_TOP_timing_summary_postroute_physopted.rpx"/>
  <File Type="POSTROUTE-PHYSOPT-BUS-SKEW" Name="LCD_TOP_bus_skew_postroute_physopted.rpt"/>
  <File Type="POSTROUTE-PHYSOPT-BUS-SKEW-PB" Name="LCD_TOP_bus_skew_postroute_physopted.pb"/>
  <File Type="BG-BIT" Name="LCD_TOP.bit"/>
  <File Type="POSTROUTE-PHYSOPT-BUS-SKEW-RPX" Name="LCD_TOP_bus_skew_postroute_physopted.rpx"/>
  <File Type="BITSTR-RBT" Name="LCD_TOP.rbt"/>
  <File Type="BITSTR-NKY" Name="LCD_TOP.nky"/>
  <File Type="PDI-FILE" Name="LCD_TOP.pdi"/>
  <File Type="RCFI_FILE" Name="LCD_TOP.rcfi"/>
  <File Type="CFI_FILE" Name="LCD_TOP.cfi"/>
  <File Type="RNPI_FILE" Name="LCD_TOP.rnpi"/>
  <File Type="NPI_FILE" Name="LCD_TOP.npi"/>
  <File Type="RBD_FILE" Name="LCD_TOP.rbd"/>
  <File Type="BITSTR-LTX" Name="debug_nets.ltx"/>
  <File Type="BITSTR-LTX" Name="LCD_TOP.ltx"/>
  <File Type="BITSTR-SYSDEF" Name="LCD_TOP.sysdef"/>
  <File Type="BG-BGN" Name="LCD_TOP.bgn"/>
  <File Type="BG-DRC" Name="LCD_TOP.drc"/>
  <File Type="RDI-RDI" Name="LCD_TOP.vdi"/>
  <File Type="WBT-USG" Name="usage_statistics_webtalk.html"/>
  <FileSet Name="sources" Type="DesignSrcs" RelSrcDir="$PSRCDIR/sources_1">
    <Filter Type="Srcs"/>
    <File Path="$PSRCDIR/sources_1/new/LCD_BLK1.vhd">
      <FileInfo>
        <Attr Name="UsedIn" Val="synthesis"/>
        <Attr Name="UsedIn" Val="simulation"/>
      </FileInfo>
    </File>
    <File Path="$PSRCDIR/sources_1/new/LCD_C.vhd">
      <FileInfo>
        <Attr Name="UsedIn" Val="synthesis"/>
        <Attr Name="UsedIn" Val="simulation"/>
      </FileInfo>
    </File>
    <File Path="$PSRCDIR/sources_1/new/LCD_TOP.vhd">
      <FileInfo>
        <Attr Name="UsedIn" Val="synthesis"/>
        <Attr Name="UsedIn" Val="simulation"/>
      </FileInfo>
    </File>
    <Config>
      <Option Name="DesignMode" Val="RTL"/>
      <Option Name="TopModule" Val="LCD_TOP"/>
      <Option Name="TopAutoSet" Val="TRUE"/>
    </Config>
  </FileSet>
  <FileSet Name="constrs_in" Type="Constrs" RelSrcDir="$PSRCDIR/constrs_1">
    <Filter Type="Constrs"/>
    <File Path="$PSRCDIR/constrs_1/new/LCD_TOP.xdc">
      <FileInfo>
        <Attr Name="UsedIn" Val="synthesis"/>
        <Attr Name="UsedIn" Val="implementation"/>
      </FileInfo>
    </File>
    <Config>
      <Option Name="ConstrsType" Val="XDC"/>
    </Config>
  </FileSet>
  <FileSet Name="utils" Type="Utils" RelSrcDir="$PSRCDIR/utils_1">
    <Filter Type="Utils"/>
    <Config>
      <Option Name="TopAutoSet" Val="TRUE"/>
    </Config>
  </FileSet>
  <Strategy Version="1" Minor="2">
    <StratHandle Name="Vivado Implementation Defaults" Flow="Vivado Implementation 2019">
      <Desc>Default settings for Implementation.</Desc>
    </StratHandle>
    <Step Id="init_design"/>
    <Step Id="opt_design"/>
    <Step Id="power_opt_design"/>
    <Step Id="place_design"/>
    <Step Id="post_place_power_opt_design"/>
    <Step Id="phys_opt_design" EnableStepBool="1"/>
    <Step Id="route_design"/>
    <Step Id="post_route_phys_opt_design"/>
    <Step Id="write_bitstream"/>
  </Strategy>
</GenRun>
