<?xml version="1.0" encoding="UTF-8"?>
<GenRun Id="synth_1" LaunchPart="xc7a75tfgg484-1" LaunchTime="1592631369">
  <File Type="PA-TCL" Name="effect_7seg.tcl"/>
  <File Type="RDS-PROPCONSTRS" Name="effect_7seg_drc_synth.rpt"/>
  <File Type="REPORTS-TCL" Name="effect_7seg_reports.tcl"/>
  <File Type="RDS-RDS" Name="effect_7seg.vds"/>
  <File Type="RDS-UTIL" Name="effect_7seg_utilization_synth.rpt"/>
  <File Type="RDS-UTIL-PB" Name="effect_7seg_utilization_synth.pb"/>
  <File Type="RDS-DCP" Name="effect_7seg.dcp"/>
  <File Type="VDS-TIMINGSUMMARY" Name="effect_7seg_timing_summary_synth.rpt"/>
  <File Type="VDS-TIMING-PB" Name="effect_7seg_timing_summary_synth.pb"/>
  <FileSet Name="sources" Type="DesignSrcs" RelSrcDir="$PSRCDIR/sources_1">
    <Filter Type="Srcs"/>
    <File Path="$PSRCDIR/sources_1/new/effect_7seg.vhd">
      <FileInfo>
        <Attr Name="UsedIn" Val="synthesis"/>
        <Attr Name="UsedIn" Val="simulation"/>
      </FileInfo>
    </File>
    <Config>
      <Option Name="DesignMode" Val="RTL"/>
      <Option Name="TopModule" Val="effect_7seg"/>
      <Option Name="TopAutoSet" Val="TRUE"/>
    </Config>
  </FileSet>
  <FileSet Name="constrs_in" Type="Constrs" RelSrcDir="$PSRCDIR/constrs_1">
    <Filter Type="Constrs"/>
    <File Path="$PSRCDIR/constrs_1/new/effect_7seg.xdc">
      <FileInfo>
        <Attr Name="UsedIn" Val="synthesis"/>
        <Attr Name="UsedIn" Val="implementation"/>
      </FileInfo>
    </File>
    <Config>
      <Option Name="ConstrsType" Val="XDC"/>
    </Config>
  </FileSet>
  <FileSet Name="utils" Type="Utils" RelSrcDir="$PSRCDIR/utils_1">
    <Filter Type="Utils"/>
    <Config>
      <Option Name="TopAutoSet" Val="TRUE"/>
    </Config>
  </FileSet>
  <Strategy Version="1" Minor="2">
    <StratHandle Name="Vivado Synthesis Defaults" Flow="Vivado Synthesis 2019">
      <Desc>Vivado Synthesis Defaults</Desc>
    </StratHandle>
    <Step Id="synth_design"/>
  </Strategy>
</GenRun>
