<?xml version="1.0" encoding="UTF-8"?>
<GenRun Id="impl_1" LaunchPart="xc7a75tfgg484-1" LaunchTime="1587751147">
  <File Type="BITSTR-BMM" Name="or2_bd.bmm"/>
  <File Type="OPT-METHODOLOGY-DRC" Name="or2_methodology_drc_opted.rpt"/>
  <File Type="INIT-TIMING" Name="or2_timing_summary_init.rpt"/>
  <File Type="ROUTE-PWR" Name="or2_power_routed.rpt"/>
  <File Type="PA-TCL" Name="or2.tcl"/>
  <File Type="OPT-TIMING" Name="or2_timing_summary_opted.rpt"/>
  <File Type="OPT-DCP" Name="or2_opt.dcp"/>
  <File Type="ROUTE-PWR-SUM" Name="or2_power_summary_routed.pb"/>
  <File Type="REPORTS-TCL" Name="or2_reports.tcl"/>
  <File Type="OPT-DRC" Name="or2_drc_opted.rpt"/>
  <File Type="OPT-HWDEF" Name="or2.hwdef"/>
  <File Type="PWROPT-DCP" Name="or2_pwropt.dcp"/>
  <File Type="PWROPT-DRC" Name="or2_drc_pwropted.rpt"/>
  <File Type="PWROPT-TIMING" Name="or2_timing_summary_pwropted.rpt"/>
  <File Type="PLACE-DCP" Name="or2_placed.dcp"/>
  <File Type="PLACE-IO" Name="or2_io_placed.rpt"/>
  <File Type="PLACE-CLK" Name="or2_clock_utilization_placed.rpt"/>
  <File Type="PLACE-UTIL" Name="or2_utilization_placed.rpt"/>
  <File Type="PLACE-UTIL-PB" Name="or2_utilization_placed.pb"/>
  <File Type="PLACE-CTRL" Name="or2_control_sets_placed.rpt"/>
  <File Type="PLACE-SIMILARITY" Name="or2_incremental_reuse_placed.rpt"/>
  <File Type="PLACE-PRE-SIMILARITY" Name="or2_incremental_reuse_pre_placed.rpt"/>
  <File Type="PLACE-TIMING" Name="or2_timing_summary_placed.rpt"/>
  <File Type="POSTPLACE-PWROPT-DCP" Name="or2_postplace_pwropt.dcp"/>
  <File Type="BG-BIN" Name="or2.bin"/>
  <File Type="POSTPLACE-PWROPT-TIMING" Name="or2_timing_summary_postplace_pwropted.rpt"/>
  <File Type="PHYSOPT-DCP" Name="or2_physopt.dcp"/>
  <File Type="PHYSOPT-DRC" Name="or2_drc_physopted.rpt"/>
  <File Type="BITSTR-MSK" Name="or2.msk"/>
  <File Type="PHYSOPT-TIMING" Name="or2_timing_summary_physopted.rpt"/>
  <File Type="ROUTE-ERROR-DCP" Name="or2_routed_error.dcp"/>
  <File Type="ROUTE-DCP" Name="or2_routed.dcp"/>
  <File Type="ROUTE-BLACKBOX-DCP" Name="or2_routed_bb.dcp"/>
  <File Type="ROUTE-DRC" Name="or2_drc_routed.rpt"/>
  <File Type="ROUTE-DRC-PB" Name="or2_drc_routed.pb"/>
  <File Type="ROUTE-DRC-RPX" Name="or2_drc_routed.rpx"/>
  <File Type="BITSTR-MMI" Name="or2.mmi"/>
  <File Type="ROUTE-METHODOLOGY-DRC" Name="or2_methodology_drc_routed.rpt"/>
  <File Type="ROUTE-METHODOLOGY-DRC-RPX" Name="or2_methodology_drc_routed.rpx"/>
  <File Type="ROUTE-METHODOLOGY-DRC-PB" Name="or2_methodology_drc_routed.pb"/>
  <File Type="ROUTE-PWR-RPX" Name="or2_power_routed.rpx"/>
  <File Type="ROUTE-STATUS" Name="or2_route_status.rpt"/>
  <File Type="ROUTE-STATUS-PB" Name="or2_route_status.pb"/>
  <File Type="ROUTE-TIMINGSUMMARY" Name="or2_timing_summary_routed.rpt"/>
  <File Type="ROUTE-TIMING-PB" Name="or2_timing_summary_routed.pb"/>
  <File Type="ROUTE-TIMING-RPX" Name="or2_timing_summary_routed.rpx"/>
  <File Type="ROUTE-SIMILARITY" Name="or2_incremental_reuse_routed.rpt"/>
  <File Type="ROUTE-CLK" Name="or2_clock_utilization_routed.rpt"/>
  <File Type="ROUTE-BUS-SKEW" Name="or2_bus_skew_routed.rpt"/>
  <File Type="ROUTE-BUS-SKEW-PB" Name="or2_bus_skew_routed.pb"/>
  <File Type="ROUTE-BUS-SKEW-RPX" Name="or2_bus_skew_routed.rpx"/>
  <File Type="POSTROUTE-PHYSOPT-DCP" Name="or2_postroute_physopt.dcp"/>
  <File Type="POSTROUTE-PHYSOPT-BLACKBOX-DCP" Name="or2_postroute_physopt_bb.dcp"/>
  <File Type="POSTROUTE-PHYSOPT-TIMING" Name="or2_timing_summary_postroute_physopted.rpt"/>
  <File Type="POSTROUTE-PHYSOPT-TIMING-PB" Name="or2_timing_summary_postroute_physopted.pb"/>
  <File Type="POSTROUTE-PHYSOPT-TIMING-RPX" Name="or2_timing_summary_postroute_physopted.rpx"/>
  <File Type="POSTROUTE-PHYSOPT-BUS-SKEW" Name="or2_bus_skew_postroute_physopted.rpt"/>
  <File Type="POSTROUTE-PHYSOPT-BUS-SKEW-PB" Name="or2_bus_skew_postroute_physopted.pb"/>
  <File Type="BG-BIT" Name="or2.bit"/>
  <File Type="POSTROUTE-PHYSOPT-BUS-SKEW-RPX" Name="or2_bus_skew_postroute_physopted.rpx"/>
  <File Type="BITSTR-RBT" Name="or2.rbt"/>
  <File Type="BITSTR-NKY" Name="or2.nky"/>
  <File Type="PDI-FILE" Name="or2.pdi"/>
  <File Type="RCFI_FILE" Name="or2.rcfi"/>
  <File Type="CFI_FILE" Name="or2.cfi"/>
  <File Type="RNPI_FILE" Name="or2.rnpi"/>
  <File Type="NPI_FILE" Name="or2.npi"/>
  <File Type="RBD_FILE" Name="or2.rbd"/>
  <File Type="BITSTR-LTX" Name="debug_nets.ltx"/>
  <File Type="BITSTR-LTX" Name="or2.ltx"/>
  <File Type="BITSTR-SYSDEF" Name="or2.sysdef"/>
  <File Type="BG-BGN" Name="or2.bgn"/>
  <File Type="BG-DRC" Name="or2.drc"/>
  <File Type="RDI-RDI" Name="or2.vdi"/>
  <File Type="WBT-USG" Name="usage_statistics_webtalk.html"/>
  <FileSet Name="sources" Type="DesignSrcs" RelSrcDir="$PSRCDIR/sources_1">
    <Filter Type="Srcs"/>
    <File Path="$PSRCDIR/sources_1/new/or2.vhd">
      <FileInfo>
        <Attr Name="UsedIn" Val="synthesis"/>
        <Attr Name="UsedIn" Val="simulation"/>
      </FileInfo>
    </File>
    <File Path="$PSRCDIR/sources_1/new/inv.vhd">
      <FileInfo>
        <Attr Name="AutoDisabled" Val="1"/>
        <Attr Name="UsedIn" Val="synthesis"/>
        <Attr Name="UsedIn" Val="simulation"/>
      </FileInfo>
    </File>
    <File Path="$PSRCDIR/sources_1/new/and2.vhd">
      <FileInfo>
        <Attr Name="AutoDisabled" Val="1"/>
        <Attr Name="UsedIn" Val="synthesis"/>
        <Attr Name="UsedIn" Val="simulation"/>
      </FileInfo>
    </File>
    <Config>
      <Option Name="DesignMode" Val="RTL"/>
      <Option Name="TopModule" Val="or2"/>
    </Config>
  </FileSet>
  <FileSet Name="constrs_in" Type="Constrs" RelSrcDir="$PSRCDIR/constrs_1">
    <Filter Type="Constrs"/>
    <File Path="$PSRCDIR/constrs_1/new/and2.xdc">
      <FileInfo>
        <Attr Name="UsedIn" Val="synthesis"/>
        <Attr Name="UsedIn" Val="implementation"/>
      </FileInfo>
    </File>
    <File Path="$PSRCDIR/constrs_1/new/inv.xdc">
      <FileInfo>
        <Attr Name="UsedIn" Val="synthesis"/>
        <Attr Name="UsedIn" Val="implementation"/>
      </FileInfo>
    </File>
    <File Path="$PSRCDIR/constrs_1/new/or2.xdc">
      <FileInfo>
        <Attr Name="UsedIn" Val="synthesis"/>
        <Attr Name="UsedIn" Val="implementation"/>
      </FileInfo>
    </File>
    <Config>
      <Option Name="ConstrsType" Val="XDC"/>
    </Config>
  </FileSet>
  <FileSet Name="utils" Type="Utils" RelSrcDir="$PSRCDIR/utils_1">
    <Filter Type="Utils"/>
    <Config>
      <Option Name="TopAutoSet" Val="TRUE"/>
    </Config>
  </FileSet>
  <Strategy Version="1" Minor="2">
    <StratHandle Name="Vivado Implementation Defaults" Flow="Vivado Implementation 2019"/>
    <Step Id="init_design"/>
    <Step Id="opt_design"/>
    <Step Id="power_opt_design"/>
    <Step Id="place_design"/>
    <Step Id="post_place_power_opt_design"/>
    <Step Id="phys_opt_design" EnableStepBool="1"/>
    <Step Id="route_design"/>
    <Step Id="post_route_phys_opt_design"/>
    <Step Id="write_bitstream"/>
  </Strategy>
</GenRun>
