<?xml version="1.0" encoding="UTF-8"?>
<GenRun Id="synth_1" LaunchPart="xc7a75tfgg484-1" LaunchTime="1593950047">
  <File Type="PA-TCL" Name="mod10cnt.tcl"/>
  <File Type="RDS-PROPCONSTRS" Name="mod10cnt_drc_synth.rpt"/>
  <File Type="REPORTS-TCL" Name="mod10cnt_reports.tcl"/>
  <File Type="RDS-RDS" Name="mod10cnt.vds"/>
  <File Type="RDS-UTIL" Name="mod10cnt_utilization_synth.rpt"/>
  <File Type="RDS-UTIL-PB" Name="mod10cnt_utilization_synth.pb"/>
  <File Type="RDS-DCP" Name="mod10cnt.dcp"/>
  <File Type="VDS-TIMINGSUMMARY" Name="mod10cnt_timing_summary_synth.rpt"/>
  <File Type="VDS-TIMING-PB" Name="mod10cnt_timing_summary_synth.pb"/>
  <FileSet Name="sources" Type="DesignSrcs" RelSrcDir="$PSRCDIR/sources_1">
    <Filter Type="Srcs"/>
    <File Path="$PSRCDIR/sources_1/new/mod10cnt.vhd">
      <FileInfo>
        <Attr Name="UsedIn" Val="synthesis"/>
        <Attr Name="UsedIn" Val="simulation"/>
      </FileInfo>
    </File>
    <Config>
      <Option Name="DesignMode" Val="RTL"/>
      <Option Name="TopModule" Val="mod10cnt"/>
      <Option Name="TopAutoSet" Val="TRUE"/>
    </Config>
  </FileSet>
  <FileSet Name="constrs_in" Type="Constrs" RelSrcDir="$PSRCDIR/constrs_1">
    <Filter Type="Constrs"/>
    <File Path="$PSRCDIR/constrs_1/new/mod10cnt.xdc">
      <FileInfo>
        <Attr Name="UsedIn" Val="synthesis"/>
        <Attr Name="UsedIn" Val="implementation"/>
      </FileInfo>
    </File>
    <Config>
      <Option Name="ConstrsType" Val="XDC"/>
    </Config>
  </FileSet>
  <FileSet Name="utils" Type="Utils" RelSrcDir="$PSRCDIR/utils_1">
    <Filter Type="Utils"/>
    <Config>
      <Option Name="TopAutoSet" Val="TRUE"/>
    </Config>
  </FileSet>
  <Strategy Version="1" Minor="2">
    <StratHandle Name="Vivado Synthesis Defaults" Flow="Vivado Synthesis 2019"/>
    <Step Id="synth_design"/>
  </Strategy>
</GenRun>
