<?xml version="1.0" encoding="UTF-8"?>
<GenRun Id="impl_1" LaunchPart="xc7a75tfgg484-1" LaunchTime="1590092226">
  <File Type="BITSTR-BMM" Name="SRL4_bd.bmm"/>
  <File Type="OPT-METHODOLOGY-DRC" Name="SRL4_methodology_drc_opted.rpt"/>
  <File Type="INIT-TIMING" Name="SRL4_timing_summary_init.rpt"/>
  <File Type="ROUTE-PWR" Name="SRL4_power_routed.rpt"/>
  <File Type="PA-TCL" Name="SRL4.tcl"/>
  <File Type="OPT-TIMING" Name="SRL4_timing_summary_opted.rpt"/>
  <File Type="OPT-DCP" Name="SRL4_opt.dcp"/>
  <File Type="ROUTE-PWR-SUM" Name="SRL4_power_summary_routed.pb"/>
  <File Type="REPORTS-TCL" Name="SRL4_reports.tcl"/>
  <File Type="OPT-DRC" Name="SRL4_drc_opted.rpt"/>
  <File Type="OPT-HWDEF" Name="SRL4.hwdef"/>
  <File Type="PWROPT-DCP" Name="SRL4_pwropt.dcp"/>
  <File Type="PWROPT-DRC" Name="SRL4_drc_pwropted.rpt"/>
  <File Type="PWROPT-TIMING" Name="SRL4_timing_summary_pwropted.rpt"/>
  <File Type="PLACE-DCP" Name="SRL4_placed.dcp"/>
  <File Type="PLACE-IO" Name="SRL4_io_placed.rpt"/>
  <File Type="PLACE-CLK" Name="SRL4_clock_utilization_placed.rpt"/>
  <File Type="PLACE-UTIL" Name="SRL4_utilization_placed.rpt"/>
  <File Type="PLACE-UTIL-PB" Name="SRL4_utilization_placed.pb"/>
  <File Type="PLACE-CTRL" Name="SRL4_control_sets_placed.rpt"/>
  <File Type="PLACE-SIMILARITY" Name="SRL4_incremental_reuse_placed.rpt"/>
  <File Type="PLACE-PRE-SIMILARITY" Name="SRL4_incremental_reuse_pre_placed.rpt"/>
  <File Type="PLACE-TIMING" Name="SRL4_timing_summary_placed.rpt"/>
  <File Type="POSTPLACE-PWROPT-DCP" Name="SRL4_postplace_pwropt.dcp"/>
  <File Type="BG-BIN" Name="SRL4.bin"/>
  <File Type="POSTPLACE-PWROPT-TIMING" Name="SRL4_timing_summary_postplace_pwropted.rpt"/>
  <File Type="PHYSOPT-DCP" Name="SRL4_physopt.dcp"/>
  <File Type="PHYSOPT-DRC" Name="SRL4_drc_physopted.rpt"/>
  <File Type="BITSTR-MSK" Name="SRL4.msk"/>
  <File Type="PHYSOPT-TIMING" Name="SRL4_timing_summary_physopted.rpt"/>
  <File Type="ROUTE-ERROR-DCP" Name="SRL4_routed_error.dcp"/>
  <File Type="ROUTE-DCP" Name="SRL4_routed.dcp"/>
  <File Type="ROUTE-BLACKBOX-DCP" Name="SRL4_routed_bb.dcp"/>
  <File Type="ROUTE-DRC" Name="SRL4_drc_routed.rpt"/>
  <File Type="ROUTE-DRC-PB" Name="SRL4_drc_routed.pb"/>
  <File Type="ROUTE-DRC-RPX" Name="SRL4_drc_routed.rpx"/>
  <File Type="BITSTR-MMI" Name="SRL4.mmi"/>
  <File Type="ROUTE-METHODOLOGY-DRC" Name="SRL4_methodology_drc_routed.rpt"/>
  <File Type="ROUTE-METHODOLOGY-DRC-RPX" Name="SRL4_methodology_drc_routed.rpx"/>
  <File Type="ROUTE-METHODOLOGY-DRC-PB" Name="SRL4_methodology_drc_routed.pb"/>
  <File Type="ROUTE-PWR-RPX" Name="SRL4_power_routed.rpx"/>
  <File Type="ROUTE-STATUS" Name="SRL4_route_status.rpt"/>
  <File Type="ROUTE-STATUS-PB" Name="SRL4_route_status.pb"/>
  <File Type="ROUTE-TIMINGSUMMARY" Name="SRL4_timing_summary_routed.rpt"/>
  <File Type="ROUTE-TIMING-PB" Name="SRL4_timing_summary_routed.pb"/>
  <File Type="ROUTE-TIMING-RPX" Name="SRL4_timing_summary_routed.rpx"/>
  <File Type="ROUTE-SIMILARITY" Name="SRL4_incremental_reuse_routed.rpt"/>
  <File Type="ROUTE-CLK" Name="SRL4_clock_utilization_routed.rpt"/>
  <File Type="ROUTE-BUS-SKEW" Name="SRL4_bus_skew_routed.rpt"/>
  <File Type="ROUTE-BUS-SKEW-PB" Name="SRL4_bus_skew_routed.pb"/>
  <File Type="ROUTE-BUS-SKEW-RPX" Name="SRL4_bus_skew_routed.rpx"/>
  <File Type="POSTROUTE-PHYSOPT-DCP" Name="SRL4_postroute_physopt.dcp"/>
  <File Type="POSTROUTE-PHYSOPT-BLACKBOX-DCP" Name="SRL4_postroute_physopt_bb.dcp"/>
  <File Type="POSTROUTE-PHYSOPT-TIMING" Name="SRL4_timing_summary_postroute_physopted.rpt"/>
  <File Type="POSTROUTE-PHYSOPT-TIMING-PB" Name="SRL4_timing_summary_postroute_physopted.pb"/>
  <File Type="POSTROUTE-PHYSOPT-TIMING-RPX" Name="SRL4_timing_summary_postroute_physopted.rpx"/>
  <File Type="POSTROUTE-PHYSOPT-BUS-SKEW" Name="SRL4_bus_skew_postroute_physopted.rpt"/>
  <File Type="POSTROUTE-PHYSOPT-BUS-SKEW-PB" Name="SRL4_bus_skew_postroute_physopted.pb"/>
  <File Type="BG-BIT" Name="SRL4.bit"/>
  <File Type="POSTROUTE-PHYSOPT-BUS-SKEW-RPX" Name="SRL4_bus_skew_postroute_physopted.rpx"/>
  <File Type="BITSTR-RBT" Name="SRL4.rbt"/>
  <File Type="BITSTR-NKY" Name="SRL4.nky"/>
  <File Type="PDI-FILE" Name="SRL4.pdi"/>
  <File Type="RCFI_FILE" Name="SRL4.rcfi"/>
  <File Type="CFI_FILE" Name="SRL4.cfi"/>
  <File Type="RNPI_FILE" Name="SRL4.rnpi"/>
  <File Type="NPI_FILE" Name="SRL4.npi"/>
  <File Type="RBD_FILE" Name="SRL4.rbd"/>
  <File Type="BITSTR-LTX" Name="debug_nets.ltx"/>
  <File Type="BITSTR-LTX" Name="SRL4.ltx"/>
  <File Type="BITSTR-SYSDEF" Name="SRL4.sysdef"/>
  <File Type="BG-BGN" Name="SRL4.bgn"/>
  <File Type="BG-DRC" Name="SRL4.drc"/>
  <File Type="RDI-RDI" Name="SRL4.vdi"/>
  <File Type="WBT-USG" Name="usage_statistics_webtalk.html"/>
  <FileSet Name="sources" Type="DesignSrcs" RelSrcDir="$PSRCDIR/sources_1">
    <Filter Type="Srcs"/>
    <File Path="$PSRCDIR/sources_1/new/SRL4.vhd">
      <FileInfo>
        <Attr Name="UsedIn" Val="synthesis"/>
        <Attr Name="UsedIn" Val="simulation"/>
      </FileInfo>
    </File>
    <Config>
      <Option Name="DesignMode" Val="RTL"/>
      <Option Name="TopModule" Val="SRL4"/>
      <Option Name="TopAutoSet" Val="TRUE"/>
    </Config>
  </FileSet>
  <FileSet Name="constrs_in" Type="Constrs" RelSrcDir="$PSRCDIR/constrs_1">
    <Filter Type="Constrs"/>
    <File Path="$PSRCDIR/constrs_1/new/SRL4.xdc">
      <FileInfo>
        <Attr Name="UsedIn" Val="synthesis"/>
        <Attr Name="UsedIn" Val="implementation"/>
      </FileInfo>
    </File>
    <Config>
      <Option Name="ConstrsType" Val="XDC"/>
    </Config>
  </FileSet>
  <FileSet Name="utils" Type="Utils" RelSrcDir="$PSRCDIR/utils_1">
    <Filter Type="Utils"/>
    <Config>
      <Option Name="TopAutoSet" Val="TRUE"/>
    </Config>
  </FileSet>
  <Strategy Version="1" Minor="2">
    <StratHandle Name="Vivado Implementation Defaults" Flow="Vivado Implementation 2019">
      <Desc>Default settings for Implementation.</Desc>
    </StratHandle>
    <Step Id="init_design"/>
    <Step Id="opt_design"/>
    <Step Id="power_opt_design"/>
    <Step Id="place_design"/>
    <Step Id="post_place_power_opt_design"/>
    <Step Id="phys_opt_design" EnableStepBool="1"/>
    <Step Id="route_design"/>
    <Step Id="post_route_phys_opt_design"/>
    <Step Id="write_bitstream"/>
  </Strategy>
</GenRun>
